{"chunk_definitions":[{"row":7,"row_count":1,"visible":true,"expansion_state":0,"options":{"engine":"r","label":"setup","include":false},"document_id":"39C6076D","chunk_id":"csetup_chunk","chunk_label":"setup"},{"row":36,"row_count":1,"visible":true,"expansion_state":0,"options":{"engine":"r","label":"unnamed-chunk-2"},"document_id":"39C6076D","chunk_id":"ccz465y16ijky","chunk_label":"unnamed-chunk-1"},{"row":92,"row_count":1,"visible":true,"expansion_state":0,"options":{"engine":"r","label":"unnamed-chunk-1"},"document_id":"39C6076D","chunk_id":"cdae65bn9ofo1","chunk_label":"unnamed-chunk-2"},{"row":152,"row_count":1,"visible":true,"expansion_state":0,"options":{"engine":"r","label":"unnamed-chunk-8"},"document_id":"39C6076D","chunk_id":"c6n5lecd1g68j","chunk_label":"unnamed-chunk-3"},{"row":213,"row_count":1,"visible":true,"expansion_state":0,"options":{"engine":"r","label":"unnamed-chunk-2"},"document_id":"39C6076D","chunk_id":"cap0vq3s6mark","chunk_label":"unnamed-chunk-4"},{"row":229,"row_count":1,"visible":true,"expansion_state":0,"options":{"engine":"r","label":"unnamed-chunk-1"},"document_id":"39C6076D","chunk_id":"c0u6ftbg7h7sa","chunk_label":"unnamed-chunk-5"},{"row":238,"row_count":1,"visible":true,"expansion_state":0,"options":{"engine":"r","label":"unnamed-chunk-2"},"document_id":"39C6076D","chunk_id":"cuivf6w0vh65t","chunk_label":"unnamed-chunk-6"},{"row":249,"row_count":1,"visible":true,"expansion_state":0,"options":{"engine":"r","label":"unnamed-chunk-5"},"document_id":"39C6076D","chunk_id":"c9sdmi6jbhtog","chunk_label":"unnamed-chunk-7"},{"row":260,"row_count":1,"visible":true,"expansion_state":0,"options":{"engine":"r","label":"unnamed-chunk-6"},"document_id":"39C6076D","chunk_id":"cu7y4wrzoxi3u","chunk_label":"unnamed-chunk-8"},{"row":268,"row_count":1,"visible":true,"expansion_state":0,"options":{"engine":"r","label":"unnamed-chunk-7"},"document_id":"39C6076D","chunk_id":"ca7e4cbks9ov6","chunk_label":"unnamed-chunk-9"},{"row":277,"row_count":1,"visible":true,"expansion_state":0,"options":{"engine":"r","label":"unnamed-chunk-22"},"document_id":"39C6076D","chunk_id":"c3y7a9f1cj7rm","chunk_label":"unnamed-chunk-10"},{"row":283,"row_count":1,"visible":true,"expansion_state":0,"options":{"engine":"r","label":"unnamed-chunk-23"},"document_id":"39C6076D","chunk_id":"cv41f9cwwi8x9","chunk_label":"unnamed-chunk-11"},{"row":299,"row_count":1,"visible":true,"expansion_state":0,"options":{"engine":"r","label":"unnamed-chunk-12"},"document_id":"39C6076D","chunk_id":"crucdzuvx0elf","chunk_label":"unnamed-chunk-12"},{"row":307,"row_count":1,"visible":true,"expansion_state":0,"options":{"engine":"r","label":"unnamed-chunk-13"},"document_id":"39C6076D","chunk_id":"cx3un62zgjldg","chunk_label":"unnamed-chunk-13"},{"row":360,"row_count":1,"visible":true,"expansion_state":0,"options":{"engine":"r","label":"unnamed-chunk-16"},"document_id":"39C6076D","chunk_id":"cn52283dbnw0w","chunk_label":"unnamed-chunk-14"}],"doc_write_time":1631996662,"working_dir":null,"default_chunk_options":{"echo":true}}